lat,lon,datetime,user_id
37.68954,-122.39069,2008/06/08 07:00:22,6
37.70314,-122.39376,2008/06/08 07:01:11,6
37.71605,-122.39851,2008/06/08 07:02:16,6
37.72954,-122.40319,2008/06/08 07:02:45,6
37.74305,-122.39598,2008/06/08 07:03:49,6
37.75621,-122.39218,2008/06/08 07:04:36,6
37.7693,-122.39746,2008/06/08 07:05:26,6
37.77679,-122.39335,2008/06/08 07:06:36,6
37.7795,-122.39359,2008/06/08 07:07:34,6
37.77968,-122.39378,2008/06/08 07:08:32,6
37.78453,-122.39995,2008/06/08 07:09:42,6
37.78715,-122.40275,2008/06/08 07:10:37,6
37.78778,-122.40507,2008/06/08 07:11:32,6
37.78723,-122.40955,2008/06/08 07:12:43,6
37.78724,-122.41131,2008/06/08 07:14:33,6
37.80017,-122.3983,2008/06/08 07:01:18,7
37.80665,-122.40616,2008/06/08 07:03:19,7
37.80633,-122.41843,2008/06/08 07:06:19,7
37.80633,-122.41843,2008/06/08 07:06:34,7
37.80617,-122.41824,2008/06/08 07:06:54,7
37.80562,-122.4206,2008/06/08 07:07:54,7
37.80527,-122.42491,2008/06/08 07:08:59,7
37.80349,-122.42501,2008/06/08 07:09:56,7
37.80174,-122.42473,2008/06/08 07:11:05,7
37.79285,-122.42315,2008/06/08 07:13:55,7
37.78537,-122.43117,2008/06/08 07:02:55,8
37.78439,-122.43276,2008/06/08 07:04:07,8
37.78334,-122.43977,2008/06/08 07:05:13,8
37.78242,-122.44706,2008/06/08 07:05:55,8
37.78236,-122.44753,2008/06/08 07:06:56,8
37.77695,-122.4468,2008/06/08 07:07:56,8
37.77554,-122.44658,2008/06/08 07:08:57,8
37.77551,-122.44657,2008/06/08 07:09:46,8
37.77545,-122.44652,2008/06/08 07:10:30,8
37.77551,-122.44652,2008/06/08 07:11:26,8
37.77294,-122.44619,2008/06/08 07:12:32,8
37.77212,-122.45183,2008/06/08 07:13:26,8
37.76744,-122.45796,2008/06/08 07:14:28,8
37.76778,-122.42885,2008/06/08 07:00:09,13
37.76464,-122.42872,2008/06/08 07:01:09,13
37.76285,-122.42844,2008/06/08 07:02:13,13
37.76312,-122.42372,2008/06/08 07:03:09,13
37.76339,-122.41999,2008/06/08 07:03:57,13
37.76348,-122.41703,2008/06/08 07:04:52,13
37.76421,-122.4115,2008/06/08 07:05:52,13
37.76446,-122.40745,2008/06/08 07:06:51,13
37.76467,-122.4021,2008/06/08 07:07:52,13
37.76503,-122.39647,2008/06/08 07:08:52,13
37.78795,-122.44057,2008/06/08 07:00:26,15
37.78655,-122.4456,2008/06/08 07:01:11,15
37.78413,-122.45268,2008/06/08 07:02:28,15
37.78396,-122.45702,2008/06/08 07:03:28,15
37.78318,-122.4612,2008/06/08 07:04:29,15
37.78291,-122.46534,2008/06/08 07:05:35,15
37.78284,-122.46854,2008/06/08 07:06:31,15
37.78274,-122.47064,2008/06/08 07:07:00,15
37.78238,-122.47567,2008/06/08 07:07:54,15
37.78225,-122.48028,2008/06/08 07:08:55,15
37.78227,-122.48049,2008/06/08 07:09:55,15
37.80454,-122.44214,2008/06/08 07:04:17,21
37.80452,-122.44209,2008/06/08 07:04:56,21
37.80386,-122.44195,2008/06/08 07:06:10,21
37.80026,-122.44115,2008/06/08 07:07:03,21
37.79675,-122.44039,2008/06/08 07:08:01,21
37.79448,-122.44169,2008/06/08 07:08:57,21
37.78847,-122.44055,2008/06/08 07:11:05,21
37.78446,-122.43963,2008/06/08 07:12:02,21
37.7807,-122.43902,2008/06/08 07:13:09,21
37.77637,-122.43806,2008/06/08 07:14:13,21
37.77373,-122.43756,2008/06/08 07:14:59,21
37.79829,-122.40253,2008/06/08 07:01:40,29
37.79673,-122.40069,2008/06/08 07:02:40,29
37.79408,-122.4006,2008/06/08 07:03:40,29
37.79319,-122.40237,2008/06/08 07:04:52,29
37.79256,-122.40833,2008/06/08 07:05:43,29
37.79087,-122.41466,2008/06/08 07:06:51,29
37.78941,-122.42187,2008/06/08 07:07:41,29
37.7893,-122.42484,2008/06/08 07:08:53,29
37.78818,-122.43247,2008/06/08 07:09:41,29
37.78688,-122.44254,2008/06/08 07:10:52,29
37.78324,-122.44729,2008/06/08 07:11:47,29
37.78018,-122.44741,2008/06/08 07:12:36,29
37.78018,-122.44741,2008/06/08 07:12:52,29
37.77596,-122.44662,2008/06/08 07:13:36,29
37.77318,-122.44597,2008/06/08 07:14:43,29
37.79386,-122.40489,2008/06/08 07:00:30,31
37.79672,-122.4053,2008/06/08 07:01:25,31
37.79708,-122.40533,2008/06/08 07:02:46,31
37.79871,-122.40789,2008/06/08 07:03:25,31
37.8003,-122.41034,2008/06/08 07:04:25,31
37.80273,-122.41146,2008/06/08 07:05:25,31
37.80554,-122.41186,2008/06/08 07:06:25,31
37.80668,-122.41348,2008/06/08 07:07:30,31
37.80764,-122.41373,2008/06/08 07:08:25,31
37.80427,-122.41326,2008/06/08 07:09:40,31
37.80266,-122.41304,2008/06/08 07:10:30,31
37.79923,-122.41241,2008/06/08 07:12:32,31
37.79642,-122.41187,2008/06/08 07:13:30,31
37.79412,-122.40972,2008/06/08 07:14:32,31
37.78256,-122.4102,2008/06/08 07:00:48,45
37.7811,-122.41224,2008/06/08 07:01:50,45
37.78072,-122.41491,2008/06/08 07:02:48,45
37.77876,-122.41489,2008/06/08 07:03:48,45
37.77508,-122.41025,2008/06/08 07:04:49,45
37.7738,-122.4087,2008/06/08 07:05:49,45
37.7713,-122.40559,2008/06/08 07:06:50,45
37.76979,-122.40255,2008/06/08 07:07:53,45
37.7661,-122.40176,2008/06/08 07:08:52,45
37.76296,-122.40141,2008/06/08 07:09:40,45
37.75947,-122.40122,2008/06/08 07:10:39,45
37.75806,-122.40085,2008/06/08 07:11:10,45
37.75672,-122.39891,2008/06/08 07:12:08,45
37.75486,-122.39878,2008/06/08 07:13:09,45
37.75486,-122.39879,2008/06/08 07:14:09,45
37.79127,-122.40446,2008/06/08 07:02:57,47
37.78895,-122.40318,2008/06/08 07:03:57,47
37.7896,-122.40794,2008/06/08 07:05:01,47
37.78899,-122.4134,2008/06/08 07:05:57,47
37.7882,-122.4185,2008/06/08 07:06:57,47
37.78985,-122.41881,2008/06/08 07:07:33,47
37.78985,-122.41881,2008/06/08 07:07:52,47
37.7941,-122.41963,2008/06/08 07:08:33,47
37.795,-122.4222,2008/06/08 07:09:34,47
37.79514,-122.42226,2008/06/08 07:10:35,47
37.79505,-122.42284,2008/06/08 07:11:14,47
37.77594,-122.40258,2008/06/08 07:01:31,52
37.77215,-122.40445,2008/06/08 07:02:37,52
37.76949,-122.40796,2008/06/08 07:03:32,52
37.76924,-122.40909,2008/06/08 07:04:33,52
37.76943,-122.41035,2008/06/08 07:05:06,52
37.76976,-122.41532,2008/06/08 07:06:06,52
37.77005,-122.41625,2008/06/08 07:07:10,52
37.76977,-122.42443,2008/06/08 07:08:07,52
37.76929,-122.42677,2008/06/08 07:09:07,52
37.76721,-122.42942,2008/06/08 07:10:07,52
37.76399,-122.4335,2008/06/08 07:11:08,52
37.76178,-122.43517,2008/06/08 07:11:56,52
37.79785,-122.39671,2008/06/08 07:03:43,53
37.79854,-122.39853,2008/06/08 07:04:47,53
37.79832,-122.404,2008/06/08 07:06:43,53
37.79777,-122.40839,2008/06/08 07:07:43,53
37.79755,-122.41055,2008/06/08 07:08:49,53
37.79618,-122.42085,2008/06/08 07:09:53,53
37.79584,-122.42369,2008/06/08 07:10:45,53
37.79676,-122.43107,2008/06/08 07:12:49,53
37.79664,-122.43541,2008/06/08 07:13:55,53
37.79766,-122.43559,2008/06/08 07:14:38,53
37.77672,-122.39334,2008/06/08 07:01:14,66
37.77881,-122.39245,2008/06/08 07:01:55,66
37.78168,-122.39625,2008/06/08 07:03:09,66
37.78474,-122.40008,2008/06/08 07:03:57,66
37.78796,-122.40358,2008/06/08 07:05:57,66
37.79253,-122.40474,2008/06/08 07:06:57,66
37.79234,-122.40519,2008/06/08 07:08:00,66
37.79241,-122.40527,2008/06/08 07:08:59,66
37.79246,-122.40732,2008/06/08 07:10:02,66
37.79244,-122.4108,2008/06/08 07:11:00,66
37.7923,-122.41054,2008/06/08 07:11:28,66
37.78577,-122.4062,2008/06/08 07:04:04,92
37.7845,-122.40801,2008/06/08 07:05:12,92
37.78248,-122.41009,2008/06/08 07:06:04,92
37.78075,-122.41239,2008/06/08 07:07:04,92
37.77787,-122.41602,2008/06/08 07:08:05,92
37.77588,-122.4184,2008/06/08 07:09:08,92
37.77389,-122.42135,2008/06/08 07:09:42,92
37.77273,-122.4261,2008/06/08 07:10:42,92
37.77243,-122.42822,2008/06/08 07:11:02,92
37.77216,-122.43074,2008/06/08 07:12:04,92
37.77211,-122.43077,2008/06/08 07:13:14,92
37.76959,-122.42921,2008/06/08 07:14:03,92
37.78215,-122.42244,2008/06/08 07:00:12,122
37.78497,-122.42303,2008/06/08 07:01:14,122
37.78497,-122.42303,2008/06/08 07:01:36,122
37.8018,-122.42301,2008/06/08 07:08:26,122
37.80254,-122.42057,2008/06/08 07:08:51,122
37.80172,-122.41966,2008/06/08 07:09:13,122
37.80028,-122.41938,2008/06/08 07:09:36,122
37.80028,-122.41938,2008/06/08 07:10:03,122
37.799,-122.41891,2008/06/08 07:10:08,122
37.799,-122.41891,2008/06/08 07:10:23,122
37.79626,-122.41878,2008/06/08 07:12:07,122
37.79306,-122.41804,2008/06/08 07:12:43,122
37.72001,-122.3998,2008/06/08 07:00:54,124
37.73268,-122.40519,2008/06/08 07:01:45,124
37.74498,-122.40505,2008/06/08 07:02:50,124
37.74946,-122.40366,2008/06/08 07:03:45,124
37.75135,-122.40307,2008/06/08 07:04:45,124
37.75786,-122.40439,2008/06/08 07:06:46,124
37.76787,-122.40542,2008/06/08 07:07:46,124
37.77456,-122.41258,2008/06/08 07:08:47,124
37.77754,-122.41752,2008/06/08 07:09:47,124
37.77745,-122.4182,2008/06/08 07:10:33,124
37.77739,-122.41878,2008/06/08 07:11:29,124
37.77778,-122.42146,2008/06/08 07:12:30,124
37.78314,-122.4225,2008/06/08 07:13:31,124
37.78888,-122.42363,2008/06/08 07:14:32,124
37.78812,-122.41121,2008/06/08 07:01:41,127
37.78737,-122.40979,2008/06/08 07:02:34,127
37.78715,-122.41081,2008/06/08 07:03:34,127
37.78944,-122.41205,2008/06/08 07:04:34,127
37.79033,-122.41607,2008/06/08 07:05:37,127
37.78947,-122.42186,2008/06/08 07:06:34,127
37.78917,-122.42513,2008/06/08 07:07:35,127
37.78812,-122.43228,2008/06/08 07:08:35,127
37.79119,-122.43597,2008/06/08 07:09:46,127
37.79392,-122.43651,2008/06/08 07:10:37,127
37.79657,-122.43693,2008/06/08 07:11:30,127
37.79375,-122.40225,2008/06/08 07:00:20,129
37.7933,-122.40138,2008/06/08 07:01:05,129
37.79004,-122.40217,2008/06/08 07:02:10,129
37.78684,-122.40017,2008/06/08 07:04:07,129
37.78596,-122.39946,2008/06/08 07:05:12,129
37.78256,-122.39723,2008/06/08 07:06:07,129
37.77936,-122.40059,2008/06/08 07:07:07,129
37.77184,-122.40647,2008/06/08 07:08:07,129
37.7586,-122.4055,2008/06/08 07:09:16,129
37.75443,-122.40305,2008/06/08 07:09:26,129
37.73037,-122.42614,2008/06/08 07:12:30,129
37.72864,-122.42683,2008/06/08 07:13:19,129
37.76142,-122.42155,2008/06/08 07:00:37,134
37.76481,-122.42192,2008/06/08 07:01:30,134
37.76739,-122.42212,2008/06/08 07:02:36,134
37.77262,-122.42233,2008/06/08 07:03:30,134
37.774,-122.42056,2008/06/08 07:04:30,134
37.7762,-122.41812,2008/06/08 07:05:31,134
37.77746,-122.41667,2008/06/08 07:06:32,134
37.77931,-122.4139,2008/06/08 07:07:44,134
37.78152,-122.41114,2008/06/08 07:08:43,134
37.78361,-122.4091,2008/06/08 07:09:33,134
37.78335,-122.41044,2008/06/08 07:10:24,134
37.78725,-122.40957,2008/06/08 07:00:32,135
37.7852,-122.40952,2008/06/08 07:01:39,135
37.78403,-122.40835,2008/06/08 07:02:36,135
37.78129,-122.40466,2008/06/08 07:03:34,135
37.78181,-122.40143,2008/06/08 07:04:39,135
37.78273,-122.40056,2008/06/08 07:05:40,135
37.78533,-122.39658,2008/06/08 07:06:35,135
37.78468,-122.39542,2008/06/08 07:07:36,135
37.78551,-122.3971,2008/06/08 07:08:38,135
37.78539,-122.39716,2008/06/08 07:09:42,135
37.78544,-122.39716,2008/06/08 07:10:36,135
37.78476,-122.43296,2008/06/08 07:03:21,137
37.78485,-122.43562,2008/06/08 07:04:31,137
37.78302,-122.43779,2008/06/08 07:05:21,137
37.77908,-122.43694,2008/06/08 07:06:21,137
37.77607,-122.43642,2008/06/08 07:07:26,137
37.77364,-122.43583,2008/06/08 07:08:59,137
37.77162,-122.43545,2008/06/08 07:09:30,137
37.76856,-122.43581,2008/06/08 07:10:36,137
37.76429,-122.43543,2008/06/08 07:11:31,137
37.76113,-122.43505,2008/06/08 07:13:04,137
37.7698,-122.45016,2008/06/08 07:00:44,141
37.772,-122.44651,2008/06/08 07:01:50,141
37.77746,-122.44683,2008/06/08 07:02:44,141
37.78527,-122.44707,2008/06/08 07:03:46,141
37.78752,-122.44392,2008/06/08 07:04:52,141
37.78805,-122.43882,2008/06/08 07:05:46,141
37.78939,-122.43058,2008/06/08 07:06:46,141
37.7902,-122.42422,2008/06/08 07:07:46,141
37.79494,-122.42488,2008/06/08 07:08:51,141
37.79623,-122.41861,2008/06/08 07:09:52,141
37.79741,-122.40602,2008/06/08 07:10:46,141
37.79741,-122.40602,2008/06/08 07:11:18,141
37.70401,-122.39393,2008/06/08 07:00:48,143
37.71745,-122.39915,2008/06/08 07:01:46,143
37.72411,-122.40124,2008/06/08 07:02:08,143
37.73672,-122.40345,2008/06/08 07:03:00,143
37.74773,-122.39299,2008/06/08 07:03:47,143
37.76113,-122.39243,2008/06/08 07:04:37,143
37.77393,-122.39694,2008/06/08 07:05:35,143
37.77844,-122.39119,2008/06/08 07:06:42,143
37.78272,-122.38812,2008/06/08 07:07:35,143
37.78441,-122.38795,2008/06/08 07:08:08,143
37.79104,-122.38978,2008/06/08 07:09:09,143
37.79517,-122.39391,2008/06/08 07:10:09,143
37.79635,-122.39703,2008/06/08 07:11:09,143
37.79457,-122.39742,2008/06/08 07:12:09,143
37.71105,-122.3955,2008/06/08 07:00:18,149
37.7237,-122.40115,2008/06/08 07:01:10,149
37.73651,-122.40736,2008/06/08 07:02:04,149
37.7471,-122.40432,2008/06/08 07:03:04,149
37.75112,-122.40304,2008/06/08 07:04:05,149
37.75308,-122.40279,2008/06/08 07:05:05,149
37.75679,-122.40337,2008/06/08 07:06:20,149
37.76342,-122.40315,2008/06/08 07:07:07,149
37.76411,-122.40261,2008/06/08 07:08:07,149
37.76411,-122.40261,2008/06/08 07:08:22,149
37.76433,-122.4027,2008/06/08 07:09:46,149
37.78145,-122.41211,2008/06/08 07:00:23,156
37.78138,-122.41214,2008/06/08 07:01:10,156
37.78138,-122.41215,2008/06/08 07:02:23,156
37.78095,-122.41215,2008/06/08 07:03:22,156
37.78101,-122.41223,2008/06/08 07:04:11,156
37.78115,-122.41211,2008/06/08 07:05:11,156
37.78115,-122.41211,2008/06/08 07:05:25,156
37.78114,-122.41216,2008/06/08 07:06:12,156
37.78125,-122.41229,2008/06/08 07:07:14,156
37.78118,-122.41216,2008/06/08 07:08:33,156
37.7811,-122.4122,2008/06/08 07:09:14,156
37.78135,-122.41208,2008/06/08 07:10:14,156
37.78122,-122.41208,2008/06/08 07:11:29,156
37.78117,-122.4124,2008/06/08 07:12:14,156
37.78126,-122.41233,2008/06/08 07:12:54,156
37.7813,-122.41211,2008/06/08 07:13:50,156
37.78465,-122.40683,2008/06/08 07:02:23,160
37.78348,-122.40864,2008/06/08 07:03:23,160
37.78188,-122.41117,2008/06/08 07:04:23,160
37.78029,-122.41304,2008/06/08 07:05:23,160
37.77775,-122.4162,2008/06/08 07:06:23,160
37.77756,-122.41786,2008/06/08 07:07:24,160
37.77706,-122.42195,2008/06/08 07:08:24,160
37.77608,-122.42147,2008/06/08 07:09:41,160
37.77697,-122.4224,2008/06/08 07:10:29,160
37.77594,-122.42291,2008/06/08 07:11:24,160
37.77567,-122.42473,2008/06/08 07:12:37,160
37.77581,-122.42795,2008/06/08 07:13:25,160
37.77448,-122.42675,2008/06/08 07:14:31,160
37.78512,-122.42455,2008/06/08 07:05:10,165
37.77963,-122.42358,2008/06/08 07:06:10,165
37.77432,-122.42242,2008/06/08 07:07:10,165
37.77233,-122.42294,2008/06/08 07:08:11,165
37.77128,-122.42433,2008/06/08 07:09:11,165
37.76881,-122.42744,2008/06/08 07:09:57,165
37.76567,-122.43147,2008/06/08 07:11:39,165
37.7631,-122.43461,2008/06/08 07:12:40,165
37.76016,-122.43497,2008/06/08 07:13:41,165
37.75934,-122.43488,2008/06/08 07:14:11,165
37.76065,-122.43724,2008/06/08 07:14:57,165
37.78774,-122.42116,2008/06/08 07:01:00,170
37.78783,-122.42121,2008/06/08 07:01:54,170
37.78744,-122.42089,2008/06/08 07:03:00,170
37.78756,-122.42093,2008/06/08 07:03:56,170
37.78778,-122.42123,2008/06/08 07:04:57,170
37.78776,-122.42118,2008/06/08 07:05:57,170
37.78786,-122.42128,2008/06/08 07:06:59,170
37.78742,-122.421,2008/06/08 07:08:03,170
37.78749,-122.42101,2008/06/08 07:08:27,170
37.78752,-122.42105,2008/06/08 07:09:27,170
37.78778,-122.42119,2008/06/08 07:10:28,170
37.78743,-122.421,2008/06/08 07:11:34,170
37.78782,-122.4212,2008/06/08 07:12:28,170
37.78766,-122.42109,2008/06/08 07:13:28,170
37.78776,-122.42111,2008/06/08 07:14:29,170
37.78624,-122.40768,2008/06/08 07:00:33,171
37.78547,-122.40854,2008/06/08 07:01:31,171
37.78472,-122.41415,2008/06/08 07:02:31,171
37.78427,-122.41744,2008/06/08 07:03:31,171
37.78399,-122.41918,2008/06/08 07:04:31,171
37.78378,-122.42267,2008/06/08 07:05:34,171
37.78547,-122.4246,2008/06/08 07:06:31,171
37.78479,-122.43064,2008/06/08 07:07:33,171
37.78399,-122.43607,2008/06/08 07:08:32,171
37.78226,-122.44875,2008/06/08 07:09:34,171
37.78165,-122.454,2008/06/08 07:10:31,171
37.78112,-122.46306,2008/06/08 07:11:34,171
37.78093,-122.46684,2008/06/08 07:12:34,171
37.78076,-122.47189,2008/06/08 07:13:32,171
37.78068,-122.4738,2008/06/08 07:14:11,171
37.79223,-122.40423,2008/06/08 07:00:28,172
37.79772,-122.40645,2008/06/08 07:01:29,172
37.79918,-122.40862,2008/06/08 07:02:45,172
37.80387,-122.41536,2008/06/08 07:03:30,172
37.80601,-122.4192,2008/06/08 07:04:30,172
37.80307,-122.41995,2008/06/08 07:05:34,172
37.79903,-122.419,2008/06/08 07:06:30,172
37.79486,-122.4182,2008/06/08 07:07:42,172
37.79128,-122.41715,2008/06/08 07:08:35,172
37.78917,-122.41713,2008/06/08 07:09:31,172
37.78513,-122.41616,2008/06/08 07:10:32,172
37.77918,-122.41511,2008/06/08 07:11:31,172
37.77786,-122.41386,2008/06/08 07:12:29,172
37.77786,-122.41386,2008/06/08 07:12:43,172
37.77678,-122.43803,2008/06/08 07:01:41,178
37.77854,-122.43849,2008/06/08 07:02:33,178
37.77913,-122.44369,2008/06/08 07:03:20,178
37.77871,-122.44719,2008/06/08 07:04:12,178
37.77792,-122.45325,2008/06/08 07:05:15,178
37.77747,-122.46031,2008/06/08 07:06:21,178
37.77734,-122.46358,2008/06/08 07:07:12,178
37.77714,-122.46824,2008/06/08 07:08:20,178
37.77697,-122.47221,2008/06/08 07:09:18,178
37.77854,-122.48031,2008/06/08 07:11:21,178
37.77978,-122.48036,2008/06/08 07:12:15,178
37.78051,-122.4726,2008/06/08 07:04:10,184
37.7809,-122.46598,2008/06/08 07:05:04,184
37.78102,-122.46186,2008/06/08 07:06:05,184
37.78123,-122.45823,2008/06/08 07:07:14,184
37.7817,-122.45282,2008/06/08 07:08:15,184
37.78319,-122.44338,2008/06/08 07:09:07,184
37.78376,-122.43723,2008/06/08 07:10:06,184
37.78494,-122.42793,2008/06/08 07:11:06,184
37.78527,-122.42455,2008/06/08 07:12:07,184
37.78486,-122.42283,2008/06/08 07:13:06,184
37.78828,-122.42333,2008/06/08 07:14:06,184
37.79387,-122.40351,2008/06/08 07:04:26,186
37.78902,-122.40314,2008/06/08 07:05:00,186
37.78894,-122.40331,2008/06/08 07:06:00,186
37.79202,-122.40474,2008/06/08 07:07:13,186
37.79098,-122.4101,2008/06/08 07:08:05,186
37.78988,-122.41671,2008/06/08 07:09:00,186
37.78925,-122.42332,2008/06/08 07:10:10,186
37.79314,-122.42479,2008/06/08 07:11:10,186
37.79669,-122.42553,2008/06/08 07:12:01,186
37.80046,-122.42598,2008/06/08 07:13:19,186
37.66714,-122.39541,2008/06/08 07:00:52,191
37.65709,-122.40621,2008/06/08 07:01:37,191
37.64342,-122.40634,2008/06/08 07:02:24,191
37.63017,-122.40308,2008/06/08 07:03:18,191
37.61722,-122.39916,2008/06/08 07:04:06,191
37.61504,-122.39025,2008/06/08 07:05:07,191
37.61676,-122.38459,2008/06/08 07:06:08,191
37.61815,-122.38527,2008/06/08 07:06:59,191
37.61775,-122.38547,2008/06/08 07:07:59,191
37.61776,-122.38547,2008/06/08 07:09:01,191
37.78639,-122.40859,2008/06/08 07:04:14,195
37.78621,-122.40807,2008/06/08 07:04:45,195
37.78795,-122.40811,2008/06/08 07:06:04,195
37.78831,-122.40819,2008/06/08 07:06:06,195
37.78787,-122.41417,2008/06/08 07:07:08,195
37.78748,-122.42138,2008/06/08 07:08:05,195
37.78876,-122.42376,2008/06/08 07:09:06,195
37.79405,-122.42456,2008/06/08 07:10:12,195
37.79897,-122.42904,2008/06/08 07:12:00,195
37.80153,-122.43115,2008/06/08 07:13:06,195
37.80087,-122.436,2008/06/08 07:14:03,195
37.7816,-122.40173,2008/06/08 07:00:36,205
37.78364,-122.39909,2008/06/08 07:01:35,205
37.78544,-122.39432,2008/06/08 07:02:54,205
37.78545,-122.39281,2008/06/08 07:03:36,205
37.79267,-122.38413,2008/06/08 07:04:03,205
37.80091,-122.3755,2008/06/08 07:05:10,205
37.80843,-122.36721,2008/06/08 07:06:10,205
37.81745,-122.34773,2008/06/08 07:07:08,205
37.82098,-122.33065,2008/06/08 07:08:02,205
37.82383,-122.31387,2008/06/08 07:09:01,205
37.82674,-122.2975,2008/06/08 07:10:01,205
37.82986,-122.2935,2008/06/08 07:10:19,205
37.84297,-122.29732,2008/06/08 07:11:28,205
37.85074,-122.29155,2008/06/08 07:12:19,205
37.852,-122.28723,2008/06/08 07:13:20,205
37.85262,-122.28431,2008/06/08 07:14:20,205
37.76749,-122.42858,2008/06/08 07:05:51,210
37.76797,-122.42526,2008/06/08 07:06:50,210
37.76815,-122.42309,2008/06/08 07:07:50,210
37.76834,-122.41832,2008/06/08 07:08:50,210
37.76739,-122.41551,2008/06/08 07:09:51,210
37.76471,-122.41547,2008/06/08 07:10:51,210
37.76424,-122.41141,2008/06/08 07:11:52,210
37.76457,-122.4059,2008/06/08 07:12:59,210
37.76484,-122.40188,2008/06/08 07:13:54,210
37.76513,-122.39653,2008/06/08 07:14:54,210
37.79836,-122.42409,2008/06/08 07:04:58,211
37.79315,-122.42229,2008/06/08 07:05:58,211
37.79356,-122.41967,2008/06/08 07:06:59,211
37.79094,-122.41807,2008/06/08 07:08:00,211
37.79177,-122.41353,2008/06/08 07:08:58,211
37.79166,-122.41078,2008/06/08 07:09:58,211
37.78909,-122.40996,2008/06/08 07:10:59,211
37.7879,-122.4081,2008/06/08 07:12:00,211
37.78753,-122.40807,2008/06/08 07:12:20,211
37.78753,-122.40807,2008/06/08 07:13:27,211
37.78474,-122.40417,2008/06/08 07:00:12,226
37.78062,-122.40927,2008/06/08 07:01:13,226
37.77852,-122.412,2008/06/08 07:02:18,226
37.77398,-122.41756,2008/06/08 07:03:13,226
37.77324,-122.41846,2008/06/08 07:04:15,226
37.76942,-122.42022,2008/06/08 07:05:15,226
37.76539,-122.41978,2008/06/08 07:06:24,226
37.76005,-122.41926,2008/06/08 07:07:16,226
37.75606,-122.41883,2008/06/08 07:08:16,226
37.75243,-122.41848,2008/06/08 07:09:16,226
37.74757,-122.41873,2008/06/08 07:10:16,226
37.74605,-122.41975,2008/06/08 07:11:18,226
37.74417,-122.421,2008/06/08 07:12:22,226
37.74398,-122.42201,2008/06/08 07:13:18,226
37.775,-122.43952,2008/06/08 07:03:38,227
37.77396,-122.43925,2008/06/08 07:04:34,227
37.77308,-122.43915,2008/06/08 07:05:35,227
37.77401,-122.43164,2008/06/08 07:06:40,227
37.77487,-122.42341,2008/06/08 07:07:52,227
37.77515,-122.41926,2008/06/08 07:08:37,227
37.77298,-122.41868,2008/06/08 07:09:37,227
37.77014,-122.4133,2008/06/08 07:10:38,227
37.77091,-122.41276,2008/06/08 07:11:38,227
37.77184,-122.41381,2008/06/08 07:12:39,227
37.77374,-122.41184,2008/06/08 07:13:44,227
37.77667,-122.40815,2008/06/08 07:14:42,227
37.61666,-122.38776,2008/06/08 07:00:28,229
37.6159,-122.38875,2008/06/08 07:01:23,229
37.60225,-122.38026,2008/06/08 07:03:23,229
37.59443,-122.36834,2008/06/08 07:04:23,229
37.58725,-122.35444,2008/06/08 07:05:18,229
37.58671,-122.33761,2008/06/08 07:06:12,229
37.57935,-122.32335,2008/06/08 07:07:08,229
37.56925,-122.3124,2008/06/08 07:08:18,229
37.55922,-122.30165,2008/06/08 07:09:07,229
37.54806,-122.29135,2008/06/08 07:09:51,229
37.53737,-122.28147,2008/06/08 07:10:51,229
37.52676,-122.27082,2008/06/08 07:11:37,229
37.51675,-122.25948,2008/06/08 07:12:42,229
37.50725,-122.24868,2008/06/08 07:13:24,229
37.49743,-122.23668,2008/06/08 07:14:19,229
37.79283,-122.40431,2008/06/08 07:01:16,255
37.79829,-122.40722,2008/06/08 07:03:08,255
37.79942,-122.40883,2008/06/08 07:04:08,255
37.80296,-122.41406,2008/06/08 07:05:14,255
37.80541,-122.41682,2008/06/08 07:06:09,255
37.80708,-122.40837,2008/06/08 07:07:14,255
37.80723,-122.40755,2008/06/08 07:08:10,255
37.8067,-122.40623,2008/06/08 07:09:20,255
37.80129,-122.4016,2008/06/08 07:11:14,255
37.79777,-122.40083,2008/06/08 07:12:09,255
37.79292,-122.39974,2008/06/08 07:13:17,255
37.79683,-122.43006,2008/06/08 07:01:00,257
37.79554,-122.427,2008/06/08 07:02:05,257
37.79241,-122.42629,2008/06/08 07:03:05,257
37.78504,-122.42467,2008/06/08 07:04:00,257
37.77884,-122.42338,2008/06/08 07:05:00,257
37.77392,-122.42236,2008/06/08 07:06:00,257
37.77098,-122.42253,2008/06/08 07:07:01,257
37.76706,-122.42209,2008/06/08 07:08:06,257
37.76603,-122.42199,2008/06/08 07:08:39,257
37.76469,-122.42198,2008/06/08 07:09:36,257
37.79169,-122.42093,2008/06/08 07:02:52,271
37.79297,-122.42112,2008/06/08 07:04:06,271
37.79388,-122.41768,2008/06/08 07:05:11,271
37.79452,-122.4117,2008/06/08 07:05:58,271
37.79388,-122.40966,2008/06/08 07:06:53,271
37.79394,-122.40898,2008/06/08 07:07:53,271
37.79326,-122.40765,2008/06/08 07:08:54,271
37.78592,-122.406,2008/06/08 07:09:59,271
37.78515,-122.40495,2008/06/08 07:11:12,271
37.78237,-122.40135,2008/06/08 07:12:17,271
37.78461,-122.39787,2008/06/08 07:12:54,271
37.78331,-122.39368,2008/06/08 07:13:59,271
37.75199,-122.42059,2008/06/08 07:00:10,274
37.75364,-122.42077,2008/06/08 07:00:30,274
37.75662,-122.42105,2008/06/08 07:01:19,274
37.75843,-122.42119,2008/06/08 07:01:44,274
37.7616,-122.42152,2008/06/08 07:02:26,274
37.76352,-122.42173,2008/06/08 07:03:05,274
37.76732,-122.42211,2008/06/08 07:03:35,274
37.76732,-122.42211,2008/06/08 07:03:47,274
37.76944,-122.42232,2008/06/08 07:04:14,274
37.76944,-122.42232,2008/06/08 07:04:49,274
37.77291,-122.42329,2008/06/08 07:04:55,274
37.77291,-122.42329,2008/06/08 07:05:15,274
37.77358,-122.42193,2008/06/08 07:05:30,274
37.7759,-122.42119,2008/06/08 07:06:19,274
37.78097,-122.42219,2008/06/08 07:06:45,274
37.78097,-122.42219,2008/06/08 07:07:02,274
37.78496,-122.42275,2008/06/08 07:07:27,274
37.78496,-122.42275,2008/06/08 07:07:47,274
37.78805,-122.42343,2008/06/08 07:08:19,274
37.78967,-122.42208,2008/06/08 07:08:43,274
37.78967,-122.42208,2008/06/08 07:08:55,274
37.79019,-122.42213,2008/06/08 07:09:27,274
37.7902,-122.42218,2008/06/08 07:09:56,274
37.7902,-122.42218,2008/06/08 07:10:11,274
37.79046,-122.41412,2008/06/08 07:13:08,274
37.74788,-122.42019,2008/06/08 07:00:07,276
37.75057,-122.4205,2008/06/08 07:01:10,276
37.75352,-122.42076,2008/06/08 07:02:08,276
37.75577,-122.42097,2008/06/08 07:03:08,276
37.75997,-122.42139,2008/06/08 07:04:13,276
37.764,-122.4218,2008/06/08 07:05:10,276
37.77001,-122.42238,2008/06/08 07:07:11,276
37.77295,-122.4221,2008/06/08 07:08:12,276
37.77515,-122.42092,2008/06/08 07:09:20,276
37.77823,-122.42155,2008/06/08 07:10:15,276
37.78283,-122.42187,2008/06/08 07:11:13,276
37.78327,-122.41774,2008/06/08 07:12:16,276
37.7831,-122.41783,2008/06/08 07:13:17,276
37.75023,-122.40343,2008/06/08 07:00:06,292
37.75232,-122.40289,2008/06/08 07:01:02,292
37.75486,-122.40307,2008/06/08 07:02:16,292
37.76015,-122.40626,2008/06/08 07:03:05,292
37.77365,-122.40632,2008/06/08 07:04:13,292
37.77602,-122.40703,2008/06/08 07:05:03,292
37.78061,-122.41262,2008/06/08 07:06:12,292
37.78942,-122.41482,2008/06/08 07:08:15,292
37.79006,-122.41121,2008/06/08 07:09:15,292
37.79019,-122.40961,2008/06/08 07:10:05,292
37.79033,-122.40965,2008/06/08 07:10:59,292
37.79052,-122.40663,2008/06/08 07:11:58,292
37.79076,-122.40441,2008/06/08 07:12:37,292
37.76201,-122.42169,2008/06/08 07:01:07,293
37.76158,-122.42542,2008/06/08 07:02:12,293
37.76132,-122.43035,2008/06/08 07:03:17,293
37.76119,-122.43272,2008/06/08 07:04:22,293
37.76124,-122.43274,2008/06/08 07:05:08,293
37.76088,-122.4356,2008/06/08 07:06:07,293
37.76157,-122.43734,2008/06/08 07:06:43,293
37.76163,-122.43723,2008/06/08 07:07:43,293
37.76215,-122.44125,2008/06/08 07:08:43,293
37.76212,-122.44235,2008/06/08 07:09:22,293
37.78743,-122.43707,2008/06/08 07:00:11,294
37.78647,-122.44592,2008/06/08 07:01:08,294
37.78103,-122.4476,2008/06/08 07:02:07,294
37.77542,-122.44644,2008/06/08 07:03:11,294
37.77266,-122.44724,2008/06/08 07:04:09,294
37.7705,-122.45547,2008/06/08 07:05:09,294
37.76631,-122.46018,2008/06/08 07:06:10,294
37.76609,-122.46366,2008/06/08 07:07:10,294
37.76588,-122.46727,2008/06/08 07:08:14,294
37.76554,-122.47614,2008/06/08 07:09:12,294
37.76359,-122.4775,2008/06/08 07:10:16,294
37.7616,-122.47741,2008/06/08 07:11:16,294
37.7586,-122.47677,2008/06/08 07:12:18,294
37.75417,-122.47659,2008/06/08 07:13:21,294
37.74748,-122.47598,2008/06/08 07:14:21,294
37.79336,-122.39223,2008/06/08 07:05:04,303
37.79219,-122.39157,2008/06/08 07:06:04,303
37.78706,-122.39807,2008/06/08 07:07:05,303
37.78531,-122.40021,2008/06/08 07:08:09,303
37.78691,-122.40269,2008/06/08 07:09:09,303
37.78768,-122.40336,2008/06/08 07:10:05,303
37.78762,-122.4085,2008/06/08 07:11:05,303
37.78736,-122.40939,2008/06/08 07:12:06,303
37.78607,-122.41035,2008/06/08 07:13:47,303
37.7867,-122.40648,2008/06/08 07:14:46,303
37.76328,-122.42639,2008/06/08 07:01:28,305
37.76437,-122.42622,2008/06/08 07:02:40,305
37.76727,-122.42659,2008/06/08 07:03:36,305
37.76956,-122.42652,2008/06/08 07:04:29,305
37.77136,-122.42404,2008/06/08 07:05:31,305
37.774,-122.42055,2008/06/08 07:07:34,305
37.77612,-122.41802,2008/06/08 07:08:40,305
37.77855,-122.41503,2008/06/08 07:09:35,305
37.78024,-122.41277,2008/06/08 07:10:37,305
37.78372,-122.40839,2008/06/08 07:12:40,305
37.7853,-122.40655,2008/06/08 07:13:42,305
37.787,-122.40419,2008/06/08 07:14:33,305
37.74427,-122.42071,2008/06/08 07:05:16,314
37.74784,-122.41837,2008/06/08 07:06:20,314
37.7495,-122.41379,2008/06/08 07:07:20,314
37.75412,-122.41423,2008/06/08 07:08:11,314
37.75745,-122.41458,2008/06/08 07:09:12,314
37.7625,-122.41502,2008/06/08 07:10:17,314
37.76684,-122.41543,2008/06/08 07:11:13,314
37.76881,-122.41562,2008/06/08 07:12:12,314
37.77076,-122.41514,2008/06/08 07:13:17,314
37.77272,-122.41297,2008/06/08 07:14:12,314
37.7993,-122.44049,2008/06/08 07:00:39,319
37.79616,-122.44217,2008/06/08 07:02:30,319
37.79193,-122.4413,2008/06/08 07:03:34,319
37.78629,-122.44002,2008/06/08 07:04:25,319
37.77866,-122.43873,2008/06/08 07:06:32,319
37.77611,-122.43808,2008/06/08 07:07:10,319
37.77019,-122.43674,2008/06/08 07:09:08,319
37.76703,-122.43561,2008/06/08 07:10:02,319
37.7622,-122.43521,2008/06/08 07:11:13,319
37.76217,-122.43521,2008/06/08 07:11:46,319
37.76013,-122.43819,2008/06/08 07:00:52,325
37.75455,-122.43774,2008/06/08 07:01:52,325
37.75099,-122.43637,2008/06/08 07:02:57,325
37.75078,-122.42996,2008/06/08 07:03:52,325
37.74905,-122.42724,2008/06/08 07:04:56,325
37.74763,-122.4227,2008/06/08 07:05:52,325
37.74545,-122.41869,2008/06/08 07:07:53,325
37.74579,-122.41772,2008/06/08 07:08:53,325
37.74576,-122.41772,2008/06/08 07:09:54,325
37.74587,-122.41753,2008/06/08 07:10:19,325
37.74392,-122.41891,2008/06/08 07:11:29,325
37.74439,-122.41853,2008/06/08 07:12:10,325
37.7985,-122.40761,2008/06/08 07:00:06,334
37.79795,-122.40697,2008/06/08 07:01:08,334
37.79733,-122.40598,2008/06/08 07:02:06,334
37.7972,-122.40579,2008/06/08 07:03:06,334
37.79578,-122.40358,2008/06/08 07:04:16,334
37.794,-122.40301,2008/06/08 07:05:18,334
37.79328,-122.4017,2008/06/08 07:07:11,334
37.79343,-122.39709,2008/06/08 07:08:06,334
37.79354,-122.39661,2008/06/08 07:09:12,334
37.79284,-122.3956,2008/06/08 07:10:13,334
37.7927,-122.39655,2008/06/08 07:11:15,334
37.78833,-122.40083,2008/06/08 07:12:51,334
37.7857,-122.40538,2008/06/08 07:13:56,334
37.7834,-122.41039,2008/06/08 07:14:56,334
37.7971,-122.42203,2008/06/08 07:04:52,335
37.79876,-122.41937,2008/06/08 07:05:52,335
37.79892,-122.41572,2008/06/08 07:06:52,335
37.79994,-122.41017,2008/06/08 07:07:53,335
37.79961,-122.40917,2008/06/08 07:08:53,335
37.7996,-122.40734,2008/06/08 07:09:53,335
37.80064,-122.40744,2008/06/08 07:11:02,335
37.7995,-122.40414,2008/06/08 07:11:53,335
37.7981,-122.4056,2008/06/08 07:12:53,335
37.79794,-122.4064,2008/06/08 07:13:27,335
37.76571,-122.41538,2008/06/08 07:00:12,341
37.76532,-122.41516,2008/06/08 07:01:12,341
37.76571,-122.40758,2008/06/08 07:02:10,341
37.7659,-122.39916,2008/06/08 07:03:13,341
37.76672,-122.38937,2008/06/08 07:04:14,341
37.75862,-122.38846,2008/06/08 07:05:13,341
37.75258,-122.38788,2008/06/08 07:06:12,341
37.75008,-122.39213,2008/06/08 07:07:12,341
37.74942,-122.40163,2008/06/08 07:08:18,341
37.74815,-122.4032,2008/06/08 07:09:15,341
37.74462,-122.40314,2008/06/08 07:10:13,341
37.74072,-122.40119,2008/06/08 07:11:16,341
37.73784,-122.39611,2008/06/08 07:12:13,341
37.73531,-122.39166,2008/06/08 07:13:14,341
37.73255,-122.38681,2008/06/08 07:14:23,341
37.78805,-122.43359,2008/06/08 07:02:39,344
37.78455,-122.43463,2008/06/08 07:03:36,344
37.78043,-122.43385,2008/06/08 07:04:40,344
37.77763,-122.43322,2008/06/08 07:05:37,344
37.77523,-122.43282,2008/06/08 07:06:37,344
37.77181,-122.43206,2008/06/08 07:07:37,344
37.77014,-122.43019,2008/06/08 07:08:26,344
37.76802,-122.42903,2008/06/08 07:09:31,344
37.76335,-122.42862,2008/06/08 07:10:26,344
37.76139,-122.42843,2008/06/08 07:10:59,344
37.7613,-122.42886,2008/06/08 07:11:19,344
37.7613,-122.42886,2008/06/08 07:11:32,344
37.76132,-122.42895,2008/06/08 07:11:38,344
37.76131,-122.42895,2008/06/08 07:11:57,344
37.6423,-122.40593,2008/06/08 07:00:18,353
37.65588,-122.40657,2008/06/08 07:01:17,353
37.66656,-122.39575,2008/06/08 07:02:01,353
37.67895,-122.3883,2008/06/08 07:02:52,353
37.69209,-122.39119,2008/06/08 07:03:40,353
37.70532,-122.39414,2008/06/08 07:04:29,353
37.71807,-122.39936,2008/06/08 07:05:19,353
37.73105,-122.40396,2008/06/08 07:06:12,353
37.74373,-122.39611,2008/06/08 07:07:10,353
37.75703,-122.39226,2008/06/08 07:08:02,353
37.77006,-122.39766,2008/06/08 07:09:01,353
37.77729,-122.39293,2008/06/08 07:09:59,353
37.78286,-122.38809,2008/06/08 07:10:58,353
37.79025,-122.38903,2008/06/08 07:11:58,353
37.7937,-122.39223,2008/06/08 07:13:01,353
37.79822,-122.39656,2008/06/08 07:14:03,353
37.78024,-122.47937,2008/06/08 07:00:59,357
37.78047,-122.47283,2008/06/08 07:01:54,357
37.78072,-122.46873,2008/06/08 07:02:44,357
37.78105,-122.46224,2008/06/08 07:03:50,357
37.78174,-122.4524,2008/06/08 07:05:49,357
37.78148,-122.44767,2008/06/08 07:06:44,357
37.77772,-122.44635,2008/06/08 07:07:51,357
37.77839,-122.44118,2008/06/08 07:08:51,357
37.77869,-122.43871,2008/06/08 07:09:46,357
37.77891,-122.43709,2008/06/08 07:10:46,357
37.77715,-122.43662,2008/06/08 07:11:51,357
37.77435,-122.43598,2008/06/08 07:12:46,357
37.77408,-122.43739,2008/06/08 07:13:46,357
37.78104,-122.46126,2008/06/08 07:01:03,358
37.78121,-122.45945,2008/06/08 07:02:04,358
37.78173,-122.453,2008/06/08 07:03:03,358
37.78278,-122.44283,2008/06/08 07:04:12,358
37.78393,-122.43513,2008/06/08 07:05:03,358
37.78525,-122.425,2008/06/08 07:06:08,358
37.78007,-122.42366,2008/06/08 07:07:04,358
37.77581,-122.42318,2008/06/08 07:08:04,358
37.77571,-122.42392,2008/06/08 07:09:04,358
37.77221,-122.42365,2008/06/08 07:10:10,358
37.76994,-122.41898,2008/06/08 07:11:09,358
37.76762,-122.40557,2008/06/08 07:12:05,358
37.75562,-122.40329,2008/06/08 07:13:05,358
37.74259,-122.40701,2008/06/08 07:14:02,358
37.8086,-122.41237,2008/06/08 07:00:40,365
37.80805,-122.41713,2008/06/08 07:01:36,365
37.8075,-122.41752,2008/06/08 07:02:30,365
37.80726,-122.41727,2008/06/08 07:03:31,365
37.8061,-122.41714,2008/06/08 07:04:31,365
37.80456,-122.42232,2008/06/08 07:05:31,365
37.80353,-122.43043,2008/06/08 07:06:32,365
37.80636,-122.43818,2008/06/08 07:08:32,365
37.80594,-122.44164,2008/06/08 07:09:32,365
37.80535,-122.44642,2008/06/08 07:10:36,365
37.80673,-122.447,2008/06/08 07:11:34,365
37.80705,-122.44683,2008/06/08 07:12:33,365
37.79247,-122.40253,2008/06/08 07:00:08,366
37.79424,-122.40544,2008/06/08 07:01:09,366
37.79186,-122.40919,2008/06/08 07:02:08,366
37.78953,-122.41378,2008/06/08 07:03:03,366
37.78673,-122.41321,2008/06/08 07:04:04,366
37.78572,-122.41295,2008/06/08 07:05:18,366
37.786,-122.41109,2008/06/08 07:06:04,366
37.7861,-122.40871,2008/06/08 07:07:04,366
37.78642,-122.40621,2008/06/08 07:09:04,366
37.78562,-122.40578,2008/06/08 07:10:04,366
37.78562,-122.40578,2008/06/08 07:10:36,366
37.76933,-122.452,2008/06/08 07:02:01,368
37.76996,-122.44741,2008/06/08 07:02:45,368
37.77228,-122.44421,2008/06/08 07:04:19,368
37.77313,-122.43791,2008/06/08 07:05:25,368
37.77392,-122.43117,2008/06/08 07:06:24,368
37.77483,-122.4245,2008/06/08 07:07:19,368
37.77712,-122.42138,2008/06/08 07:08:20,368
37.78077,-122.4221,2008/06/08 07:09:25,368
37.78106,-122.41946,2008/06/08 07:10:20,368
37.78279,-122.41441,2008/06/08 07:11:20,368
37.78311,-122.41571,2008/06/08 07:12:13,368
37.7884,-122.41043,2008/06/08 07:00:28,373
37.78829,-122.4071,2008/06/08 07:01:07,373
37.78544,-122.4055,2008/06/08 07:02:06,373
37.78353,-122.40357,2008/06/08 07:03:28,373
37.78315,-122.4024,2008/06/08 07:04:06,373
37.77968,-122.39826,2008/06/08 07:05:07,373
37.77757,-122.39561,2008/06/08 07:06:12,373
37.77807,-122.39266,2008/06/08 07:07:41,373
37.77807,-122.39266,2008/06/08 07:08:02,373
37.77937,-122.39101,2008/06/08 07:08:11,373
37.78362,-122.40913,2008/06/08 07:01:06,378
37.78102,-122.41209,2008/06/08 07:01:51,378
37.77913,-122.41429,2008/06/08 07:02:51,378
37.77275,-122.42246,2008/06/08 07:06:06,378
37.76647,-122.42201,2008/06/08 07:07:53,378
37.76357,-122.42177,2008/06/08 07:08:53,378
37.7601,-122.42145,2008/06/08 07:09:54,378
37.7564,-122.42098,2008/06/08 07:11:05,378
37.75386,-122.42092,2008/06/08 07:12:04,378
37.75276,-122.4207,2008/06/08 07:13:47,378
37.77696,-122.43736,2008/06/08 07:00:32,387
37.77378,-122.43777,2008/06/08 07:01:33,387
37.77361,-122.43737,2008/06/08 07:02:38,387
37.77361,-122.43738,2008/06/08 07:03:46,387
37.77371,-122.43761,2008/06/08 07:04:46,387
37.77369,-122.43738,2008/06/08 07:05:40,387
37.77333,-122.4359,2008/06/08 07:06:47,387
37.77409,-122.43021,2008/06/08 07:07:45,387
37.77479,-122.42458,2008/06/08 07:08:42,387
37.77553,-122.42286,2008/06/08 07:09:41,387
37.77597,-122.42121,2008/06/08 07:10:41,387
37.77608,-122.42225,2008/06/08 07:11:42,387
37.776,-122.42282,2008/06/08 07:12:41,387
37.78511,-122.40923,2008/06/08 07:04:06,388
37.78302,-122.40675,2008/06/08 07:05:06,388
37.78228,-122.40666,2008/06/08 07:06:07,388
37.77924,-122.4022,2008/06/08 07:07:12,388
37.7779,-122.40053,2008/06/08 07:08:07,388
37.7749,-122.40106,2008/06/08 07:09:08,388
37.76976,-122.40756,2008/06/08 07:10:08,388
37.76941,-122.40787,2008/06/08 07:11:21,388
37.76612,-122.40774,2008/06/08 07:12:13,388
37.76216,-122.40726,2008/06/08 07:13:08,388
37.75728,-122.40683,2008/06/08 07:14:10,388
37.7786,-122.44731,2008/06/08 07:01:01,389
37.77966,-122.44726,2008/06/08 07:01:59,389
37.78195,-122.44741,2008/06/08 07:03:07,389
37.78537,-122.44626,2008/06/08 07:04:00,389
37.78625,-122.43986,2008/06/08 07:05:12,389
37.78732,-122.43199,2008/06/08 07:06:03,389
37.78824,-122.42466,2008/06/08 07:07:07,389
37.79509,-122.42485,2008/06/08 07:09:06,389
37.79608,-122.41875,2008/06/08 07:10:12,389
37.79756,-122.41026,2008/06/08 07:11:02,389
37.79856,-122.40911,2008/06/08 07:12:05,389
37.79891,-122.40742,2008/06/08 07:14:15,389
37.79949,-122.40733,2008/06/08 07:14:58,389
37.77179,-122.411,2008/06/08 07:00:52,390
37.76857,-122.40794,2008/06/08 07:01:50,390
37.76584,-122.4085,2008/06/08 07:02:55,390
37.76598,-122.40836,2008/06/08 07:03:51,390
37.76595,-122.40836,2008/06/08 07:04:51,390
37.76592,-122.40836,2008/06/08 07:05:51,390
37.7659,-122.40835,2008/06/08 07:06:51,390
37.76591,-122.40835,2008/06/08 07:07:52,390
37.76592,-122.40835,2008/06/08 07:08:51,390
37.76589,-122.40835,2008/06/08 07:09:51,390
37.76591,-122.40834,2008/06/08 07:10:52,390
37.76567,-122.41015,2008/06/08 07:11:57,390
37.76559,-122.41528,2008/06/08 07:12:51,390
37.76834,-122.41557,2008/06/08 07:13:51,390
37.78182,-122.40096,2008/06/08 07:01:38,408
37.77684,-122.4039,2008/06/08 07:02:36,408
37.76421,-122.40505,2008/06/08 07:03:47,408
37.75095,-122.40324,2008/06/08 07:04:40,408
37.73221,-122.41961,2008/06/08 07:06:27,408
37.73032,-122.43238,2008/06/08 07:07:28,408
37.7275,-122.43564,2008/06/08 07:08:28,408
37.72401,-122.43742,2008/06/08 07:09:29,408
37.71473,-122.44288,2008/06/08 07:11:35,408
37.71167,-122.44608,2008/06/08 07:12:31,408
37.71041,-122.44836,2008/06/08 07:13:36,408
37.78933,-122.42039,2008/06/08 07:04:55,409
37.79159,-122.41485,2008/06/08 07:05:55,409
37.7918,-122.41091,2008/06/08 07:06:56,409
37.79094,-122.41067,2008/06/08 07:07:18,409
37.79018,-122.40728,2008/06/08 07:08:18,409
37.79054,-122.40279,2008/06/08 07:09:18,409
37.78927,-122.4,2008/06/08 07:10:18,409
37.78812,-122.39585,2008/06/08 07:11:18,409
37.78333,-122.39373,2008/06/08 07:12:18,409
37.78104,-122.39105,2008/06/08 07:13:04,409
37.74334,-122.42138,2008/06/08 07:00:24,411
37.74334,-122.42212,2008/06/08 07:01:25,411
37.74337,-122.42211,2008/06/08 07:02:25,411
37.74333,-122.42201,2008/06/08 07:03:05,411
37.74332,-122.42202,2008/06/08 07:04:14,411
37.74335,-122.4221,2008/06/08 07:05:09,411
37.74337,-122.42216,2008/06/08 07:06:11,411
37.74335,-122.42211,2008/06/08 07:08:13,411
37.74335,-122.4222,2008/06/08 07:09:05,411
37.74332,-122.42215,2008/06/08 07:10:58,411
37.74329,-122.42204,2008/06/08 07:12:00,411
37.74321,-122.42202,2008/06/08 07:13:13,411
37.74333,-122.42205,2008/06/08 07:14:02,411
37.6417,-122.4059,2008/06/08 07:00:20,420
37.65508,-122.40679,2008/06/08 07:01:18,420
37.6658,-122.39647,2008/06/08 07:01:56,420
37.67755,-122.38827,2008/06/08 07:02:44,420
37.69095,-122.39089,2008/06/08 07:03:37,420
37.70403,-122.39389,2008/06/08 07:04:42,420
37.71702,-122.399,2008/06/08 07:05:19,420
37.72991,-122.40365,2008/06/08 07:06:21,420
37.74311,-122.40634,2008/06/08 07:07:10,420
37.74779,-122.40418,2008/06/08 07:08:09,420
37.75005,-122.40345,2008/06/08 07:09:14,420
37.75651,-122.40322,2008/06/08 07:10:14,420
37.76665,-122.40488,2008/06/08 07:11:09,420
37.76665,-122.40488,2008/06/08 07:11:23,420
37.77503,-122.4056,2008/06/08 07:12:09,420
37.78334,-122.41426,2008/06/08 07:14:14,420
37.79928,-122.40873,2008/06/08 07:00:34,425
37.79789,-122.40677,2008/06/08 07:01:34,425
37.79736,-122.40596,2008/06/08 07:02:45,425
37.79684,-122.40462,2008/06/08 07:03:36,425
37.79433,-122.40235,2008/06/08 07:04:38,425
37.78793,-122.39991,2008/06/08 07:07:53,425
37.78367,-122.39424,2008/06/08 07:08:43,425
37.78098,-122.39108,2008/06/08 07:09:43,425
37.77908,-122.39261,2008/06/08 07:10:43,425
37.77888,-122.39301,2008/06/08 07:12:05,425
37.79081,-122.44757,2008/06/08 07:00:15,428
37.78864,-122.44707,2008/06/08 07:01:03,428
37.78859,-122.447,2008/06/08 07:02:04,428
37.78859,-122.447,2008/06/08 07:02:17,428
37.78859,-122.44699,2008/06/08 07:03:08,428
37.78845,-122.44707,2008/06/08 07:04:04,428
37.78845,-122.44707,2008/06/08 07:04:17,428
37.78512,-122.44762,2008/06/08 07:05:10,428
37.78268,-122.44729,2008/06/08 07:06:04,428
37.77549,-122.44646,2008/06/08 07:07:20,428
37.77009,-122.44549,2008/06/08 07:08:04,428
37.76877,-122.44678,2008/06/08 07:09:15,428
37.76845,-122.4475,2008/06/08 07:10:06,428
37.76719,-122.44658,2008/06/08 07:11:11,428
37.77079,-122.4455,2008/06/08 07:12:06,428
37.7723,-122.4442,2008/06/08 07:13:06,428
37.77301,-122.43836,2008/06/08 07:14:14,428
37.78409,-122.42096,2008/06/08 07:00:06,439
37.78245,-122.42066,2008/06/08 07:01:11,439
37.78144,-122.42038,2008/06/08 07:02:12,439
37.77769,-122.41969,2008/06/08 07:03:11,439
37.77534,-122.41928,2008/06/08 07:04:09,439
37.77356,-122.41884,2008/06/08 07:05:09,439
37.77106,-122.41817,2008/06/08 07:06:10,439
37.76894,-122.41863,2008/06/08 07:07:10,439
37.76847,-122.4067,2008/06/08 07:08:11,439
37.7585,-122.40556,2008/06/08 07:09:12,439
37.74618,-122.40488,2008/06/08 07:10:12,439
37.73408,-122.41114,2008/06/08 07:11:18,439
37.73185,-122.4273,2008/06/08 07:12:08,439
37.72856,-122.44336,2008/06/08 07:12:56,439
37.72146,-122.44835,2008/06/08 07:13:57,439
37.79628,-122.40447,2008/06/08 07:01:51,444
37.7936,-122.40263,2008/06/08 07:02:41,444
37.78938,-122.40117,2008/06/08 07:05:18,444
37.78954,-122.4033,2008/06/08 07:06:23,444
37.78916,-122.40903,2008/06/08 07:07:27,444
37.78791,-122.41337,2008/06/08 07:08:18,444
37.78573,-122.41275,2008/06/08 07:09:29,444
37.7852,-122.41323,2008/06/08 07:11:08,444
37.78514,-122.41293,2008/06/08 07:12:18,444
37.78204,-122.41167,2008/06/08 07:14:10,444
37.78436,-122.40364,2008/06/08 07:00:12,453
37.78131,-122.40803,2008/06/08 07:01:09,453
37.77943,-122.41078,2008/06/08 07:02:08,453
37.77645,-122.41458,2008/06/08 07:03:03,453
37.77528,-122.41605,2008/06/08 07:04:20,453
37.77039,-122.42024,2008/06/08 07:05:05,453
37.76662,-122.41986,2008/06/08 07:06:21,453
37.76077,-122.41929,2008/06/08 07:07:14,453
37.75686,-122.41887,2008/06/08 07:08:20,453
37.75658,-122.41891,2008/06/08 07:08:47,453
37.74095,-122.42255,2008/06/08 07:01:45,454
37.74233,-122.42306,2008/06/08 07:03:00,454
37.74212,-122.42724,2008/06/08 07:03:46,454
37.74402,-122.4312,2008/06/08 07:04:46,454
37.74837,-122.4315,2008/06/08 07:05:47,454
37.75211,-122.43192,2008/06/08 07:06:48,454
37.75658,-122.43236,2008/06/08 07:07:48,454
37.75658,-122.43236,2008/06/08 07:08:01,454
37.76089,-122.43278,2008/06/08 07:08:48,454
37.76325,-122.43304,2008/06/08 07:09:49,454
37.76734,-122.43343,2008/06/08 07:10:49,454
37.77052,-122.4352,2008/06/08 07:11:54,454
37.77397,-122.43589,2008/06/08 07:12:54,454
37.7752,-122.43618,2008/06/08 07:14:01,454
37.77507,-122.43749,2008/06/08 07:14:41,454
37.76597,-122.45015,2008/06/08 07:00:38,457
37.76777,-122.45035,2008/06/08 07:01:07,457
37.77107,-122.45054,2008/06/08 07:02:12,457
37.77217,-122.44566,2008/06/08 07:03:15,457
37.77312,-122.43759,2008/06/08 07:04:22,457
37.77395,-122.43169,2008/06/08 07:05:11,457
37.77503,-122.42282,2008/06/08 07:06:16,457
37.78061,-122.42197,2008/06/08 07:07:08,457
37.78359,-122.4224,2008/06/08 07:08:09,457
37.78872,-122.42352,2008/06/08 07:09:09,457
37.79349,-122.42469,2008/06/08 07:10:10,457
37.79738,-122.41033,2008/06/08 07:12:10,457
37.79802,-122.41027,2008/06/08 07:12:46,457
37.76099,-122.43469,2008/06/08 07:01:20,459
37.76111,-122.43054,2008/06/08 07:02:22,459
37.76009,-122.426,2008/06/08 07:03:22,459
37.75557,-122.42575,2008/06/08 07:04:30,459
37.75039,-122.42514,2008/06/08 07:05:27,459
37.74582,-122.42468,2008/06/08 07:06:23,459
37.74078,-122.42419,2008/06/08 07:07:21,459
37.7392,-122.42444,2008/06/08 07:08:22,459
37.73353,-122.43248,2008/06/08 07:09:22,459
37.73181,-122.43638,2008/06/08 07:10:22,459
37.73166,-122.44257,2008/06/08 07:11:27,459
37.73161,-122.44911,2008/06/08 07:12:22,459
37.7316,-122.45333,2008/06/08 07:13:28,459
37.7324,-122.45344,2008/06/08 07:14:17,459
37.80641,-122.41717,2008/06/08 07:00:10,466
37.80503,-122.41904,2008/06/08 07:01:10,466
37.80267,-122.42317,2008/06/08 07:02:10,466
37.79899,-122.42247,2008/06/08 07:03:15,466
37.79663,-122.42195,2008/06/08 07:04:15,466
37.796,-122.42187,2008/06/08 07:05:10,466
37.79568,-122.42323,2008/06/08 07:06:10,466
37.79555,-122.42507,2008/06/08 07:07:10,466
37.79446,-122.42671,2008/06/08 07:08:12,466
37.79235,-122.42578,2008/06/08 07:09:12,466
37.78558,-122.42458,2008/06/08 07:10:11,466
37.78112,-122.42687,2008/06/08 07:11:11,466
37.78035,-122.43374,2008/06/08 07:12:12,466
37.77945,-122.44226,2008/06/08 07:13:18,466
37.77666,-122.44494,2008/06/08 07:14:12,466
37.79301,-122.40228,2008/06/08 07:06:33,467
37.79236,-122.4006,2008/06/08 07:07:35,467
37.79236,-122.4006,2008/06/08 07:07:48,467
37.79117,-122.40456,2008/06/08 07:08:35,467
37.79157,-122.40474,2008/06/08 07:09:35,467
37.7919,-122.40521,2008/06/08 07:10:36,467
37.7924,-122.40734,2008/06/08 07:11:36,467
37.78963,-122.41553,2008/06/08 07:12:37,467
37.78904,-122.42197,2008/06/08 07:13:37,467
37.7879,-122.43234,2008/06/08 07:14:39,467
37.78665,-122.38896,2008/06/08 07:00:58,473
37.78405,-122.38828,2008/06/08 07:01:58,473
37.77986,-122.38968,2008/06/08 07:03:00,473
37.77373,-122.39743,2008/06/08 07:04:01,473
37.76376,-122.39298,2008/06/08 07:05:05,473
37.7503,-122.3922,2008/06/08 07:05:58,473
37.73862,-122.40072,2008/06/08 07:06:53,473
37.72533,-122.40193,2008/06/08 07:07:56,473
37.71219,-122.39606,2008/06/08 07:08:48,473
37.69916,-122.39301,2008/06/08 07:09:30,473
37.68599,-122.39006,2008/06/08 07:10:22,473
37.67245,-122.3907,2008/06/08 07:11:15,473
37.66231,-122.40174,2008/06/08 07:12:06,473
37.64911,-122.40676,2008/06/08 07:13:00,473
37.62154,-122.40028,2008/06/08 07:14:47,473
37.76887,-122.42676,2008/06/08 07:00:30,477
37.77063,-122.42519,2008/06/08 07:01:31,477
37.77217,-122.42303,2008/06/08 07:02:35,477
37.77578,-122.421,2008/06/08 07:03:31,477
37.78071,-122.42207,2008/06/08 07:04:36,477
37.78316,-122.42252,2008/06/08 07:05:43,477
37.7873,-122.42341,2008/06/08 07:06:47,477
37.78825,-122.42265,2008/06/08 07:06:55,477
37.78867,-122.41913,2008/06/08 07:08:07,477
37.78981,-122.41203,2008/06/08 07:08:54,477
37.7905,-122.40417,2008/06/08 07:09:54,477
37.7921,-122.40335,2008/06/08 07:11:09,477
37.79726,-122.40579,2008/06/08 07:11:55,477
37.79741,-122.40616,2008/06/08 07:12:30,477
37.78691,-122.40184,2008/06/08 07:04:15,483
37.78667,-122.4024,2008/06/08 07:05:15,483
37.78807,-122.40381,2008/06/08 07:06:04,483
37.79217,-122.40453,2008/06/08 07:07:05,483
37.792,-122.41063,2008/06/08 07:08:05,483
37.79044,-122.41784,2008/06/08 07:09:06,483
37.78937,-122.4244,2008/06/08 07:10:06,483
37.78889,-122.42817,2008/06/08 07:11:06,483
37.78547,-122.43146,2008/06/08 07:12:07,483
37.78536,-122.43312,2008/06/08 07:13:12,483
37.80695,-122.41725,2008/06/08 07:03:43,486
37.8076,-122.4133,2008/06/08 07:04:30,486
37.80804,-122.40944,2008/06/08 07:05:30,486
37.80749,-122.40772,2008/06/08 07:05:52,486
37.80677,-122.4062,2008/06/08 07:06:47,486
37.80388,-122.40177,2008/06/08 07:07:48,486
37.80041,-122.39884,2008/06/08 07:09:00,486
37.79664,-122.39691,2008/06/08 07:09:53,486
37.79434,-122.39642,2008/06/08 07:10:53,486
37.79363,-122.39755,2008/06/08 07:11:49,486
37.79407,-122.39641,2008/06/08 07:12:48,486
37.59058,-122.36192,2008/06/08 07:00:21,488
37.59912,-122.37493,2008/06/08 07:01:13,488
37.60749,-122.38781,2008/06/08 07:02:00,488
37.61738,-122.39865,2008/06/08 07:02:46,488
37.64368,-122.40603,2008/06/08 07:04:27,488
37.65447,-122.40378,2008/06/08 07:05:33,488
37.6548,-122.4021,2008/06/08 07:06:21,488
37.65811,-122.39691,2008/06/08 07:07:21,488
37.65806,-122.39683,2008/06/08 07:08:43,488
37.65806,-122.39684,2008/06/08 07:09:45,488
37.6581,-122.39683,2008/06/08 07:10:52,488
37.65765,-122.39716,2008/06/08 07:11:33,488
37.65793,-122.39835,2008/06/08 07:11:45,488
37.76671,-122.45127,2008/06/08 07:01:22,497
37.76669,-122.45127,2008/06/08 07:02:46,497
37.76672,-122.45128,2008/06/08 07:04:41,497
37.76665,-122.45127,2008/06/08 07:05:41,497
37.76666,-122.45125,2008/06/08 07:07:43,497
37.76665,-122.45133,2008/06/08 07:08:38,497
37.76666,-122.45129,2008/06/08 07:09:29,497
37.76648,-122.45106,2008/06/08 07:10:37,497
37.76661,-122.45124,2008/06/08 07:11:36,497
37.76665,-122.45136,2008/06/08 07:12:24,497
37.76663,-122.45137,2008/06/08 07:13:24,497
37.78347,-122.43221,2008/06/08 07:00:52,505
37.78346,-122.43221,2008/06/08 07:01:52,505
37.78346,-122.43218,2008/06/08 07:02:56,505
37.78347,-122.43223,2008/06/08 07:03:55,505
37.78349,-122.43225,2008/06/08 07:05:55,505
37.78356,-122.43224,2008/06/08 07:07:04,505
37.78341,-122.43223,2008/06/08 07:07:53,505
37.78335,-122.43219,2008/06/08 07:08:54,505
37.78326,-122.43217,2008/06/08 07:10:00,505
37.78334,-122.43203,2008/06/08 07:11:02,505
37.78338,-122.43215,2008/06/08 07:11:59,505
37.78351,-122.43216,2008/06/08 07:12:58,505
37.78348,-122.4321,2008/06/08 07:13:54,505
37.78342,-122.43216,2008/06/08 07:14:59,505
37.77858,-122.39361,2008/06/08 07:04:01,518
37.78079,-122.39522,2008/06/08 07:04:25,518
37.78146,-122.39608,2008/06/08 07:04:45,518
37.78525,-122.40081,2008/06/08 07:05:46,518
37.78696,-122.40272,2008/06/08 07:06:50,518
37.78914,-122.40347,2008/06/08 07:07:46,518
37.79683,-122.40519,2008/06/08 07:09:46,518
37.79797,-122.40629,2008/06/08 07:10:46,518
37.7977,-122.40836,2008/06/08 07:11:46,518
37.79594,-122.42215,2008/06/08 07:13:49,518
37.79713,-122.42542,2008/06/08 07:14:47,518
37.76743,-122.43823,2008/06/08 07:00:16,522
37.76726,-122.4358,2008/06/08 07:01:14,522
37.76731,-122.43093,2008/06/08 07:02:15,522
37.76765,-122.42884,2008/06/08 07:03:18,522
37.76346,-122.42632,2008/06/08 07:04:23,522
37.76157,-122.42617,2008/06/08 07:05:23,522
37.75996,-122.42458,2008/06/08 07:06:21,522
37.75691,-122.42347,2008/06/08 07:07:18,522
37.75065,-122.42283,2008/06/08 07:08:16,522
37.75048,-122.42086,2008/06/08 07:09:19,522
37.75056,-122.41966,2008/06/08 07:09:52,522
37.79611,-122.43035,2008/06/08 07:03:16,524
37.79554,-122.42679,2008/06/08 07:04:17,524
37.79583,-122.42204,2008/06/08 07:05:12,524
37.79767,-122.40853,2008/06/08 07:07:12,524
37.79839,-122.40331,2008/06/08 07:08:12,524
37.79781,-122.40072,2008/06/08 07:09:15,524
37.79781,-122.40072,2008/06/08 07:09:29,524
37.79729,-122.40072,2008/06/08 07:09:35,524
37.79719,-122.39983,2008/06/08 07:10:25,524
37.79719,-122.39983,2008/06/08 07:10:37,524
37.78593,-122.40577,2008/06/08 07:00:42,527
37.78551,-122.4091,2008/06/08 07:02:42,527
37.78522,-122.41095,2008/06/08 07:03:25,527
37.78785,-122.41221,2008/06/08 07:04:26,527
37.78749,-122.41202,2008/06/08 07:05:26,527
37.7877,-122.41203,2008/06/08 07:06:26,527
37.78646,-122.4114,2008/06/08 07:07:31,527
37.7864,-122.41056,2008/06/08 07:08:27,527
37.78398,-122.40766,2008/06/08 07:09:29,527
37.78254,-122.40637,2008/06/08 07:10:27,527
37.78512,-122.40331,2008/06/08 07:11:36,527
37.78724,-122.40069,2008/06/08 07:12:26,527
37.78515,-122.39997,2008/06/08 07:13:57,527
37.79803,-122.42212,2008/06/08 07:07:44,533
37.79858,-122.42308,2008/06/08 07:08:36,533
37.79784,-122.424,2008/06/08 07:09:36,533
37.79247,-122.42289,2008/06/08 07:10:38,533
37.79247,-122.42289,2008/06/08 07:11:06,533
37.79247,-122.42289,2008/06/08 07:11:26,533
37.79032,-122.42248,2008/06/08 07:11:37,533
37.78905,-122.42554,2008/06/08 07:12:57,533
37.78773,-122.4339,2008/06/08 07:13:44,533
37.78602,-122.43838,2008/06/08 07:14:52,533
37.79328,-122.40105,2008/06/08 07:05:46,535
37.79309,-122.39701,2008/06/08 07:06:47,535
37.78832,-122.39597,2008/06/08 07:07:46,535
37.78547,-122.39576,2008/06/08 07:08:47,535
37.7809,-122.39955,2008/06/08 07:09:51,535
37.77139,-122.40625,2008/06/08 07:10:47,535
37.75803,-122.40492,2008/06/08 07:11:47,535
37.74872,-122.40663,2008/06/08 07:12:47,535
37.74831,-122.41354,2008/06/08 07:13:48,535
37.74816,-122.42019,2008/06/08 07:14:49,535
37.79699,-122.43693,2008/06/08 07:05:44,537
37.79421,-122.43648,2008/06/08 07:06:24,537
37.79432,-122.43548,2008/06/08 07:07:07,537
37.79516,-122.42987,2008/06/08 07:07:49,537
37.79451,-122.42649,2008/06/08 07:08:54,537
37.78883,-122.4251,2008/06/08 07:09:52,537
37.78646,-122.42336,2008/06/08 07:10:51,537
37.78681,-122.41988,2008/06/08 07:11:52,537
37.78735,-122.41598,2008/06/08 07:12:51,537
37.78742,-122.40986,2008/06/08 07:14:53,537
37.78498,-122.43301,2008/06/08 07:02:22,550
37.78604,-122.42619,2008/06/08 07:03:22,550
37.78133,-122.4239,2008/06/08 07:04:18,550
37.77627,-122.42292,2008/06/08 07:05:18,550
37.77554,-122.42435,2008/06/08 07:06:23,550
37.77207,-122.42359,2008/06/08 07:07:18,550
37.7695,-122.4134,2008/06/08 07:08:19,550
37.77421,-122.40545,2008/06/08 07:09:19,550
37.77407,-122.40339,2008/06/08 07:10:04,550
37.76749,-122.39616,2008/06/08 07:11:13,550
37.76297,-122.38993,2008/06/08 07:12:13,550
37.76494,-122.38726,2008/06/08 07:13:13,550
37.76668,-122.38742,2008/06/08 07:14:04,550
37.79079,-122.41926,2008/06/08 07:06:07,559
37.79128,-122.41599,2008/06/08 07:06:52,559
37.79167,-122.41261,2008/06/08 07:07:45,559
37.79023,-122.41059,2008/06/08 07:08:51,559
37.78948,-122.40461,2008/06/08 07:09:55,559
37.78951,-122.40259,2008/06/08 07:10:21,559
37.78939,-122.40336,2008/06/08 07:11:22,559
37.78878,-122.40325,2008/06/08 07:12:10,559
37.78568,-122.39955,2008/06/08 07:13:33,559
37.78549,-122.39932,2008/06/08 07:13:55,559
37.79917,-122.44265,2008/06/08 07:03:51,562
37.80052,-122.43855,2008/06/08 07:04:50,562
37.8011,-122.43415,2008/06/08 07:05:55,562
37.80178,-122.42826,2008/06/08 07:07:00,562
37.80241,-122.42477,2008/06/08 07:08:06,562
37.80402,-122.42501,2008/06/08 07:08:50,562
37.80496,-122.41864,2008/06/08 07:09:51,562
37.80589,-122.41201,2008/06/08 07:10:52,562
37.80731,-122.40893,2008/06/08 07:11:58,562
37.80836,-122.40993,2008/06/08 07:12:51,562
37.78436,-122.41504,2008/06/08 07:00:58,566
37.78604,-122.41546,2008/06/08 07:01:09,566
37.78801,-122.41476,2008/06/08 07:03:47,566
37.78824,-122.41164,2008/06/08 07:04:47,566
37.78849,-122.40872,2008/06/08 07:05:47,566
37.78748,-122.40836,2008/06/08 07:06:47,566
37.78666,-122.4079,2008/06/08 07:07:48,566
37.78675,-122.4065,2008/06/08 07:08:49,566
37.7878,-122.40501,2008/06/08 07:09:55,566
37.78739,-122.40924,2008/06/08 07:10:50,566
37.77467,-122.42417,2008/06/08 07:00:25,569
37.76952,-122.41554,2008/06/08 07:01:18,569
37.76395,-122.40522,2008/06/08 07:02:20,569
37.75243,-122.40304,2008/06/08 07:03:20,569
37.73947,-122.40814,2008/06/08 07:04:18,569
37.72679,-122.40258,2008/06/08 07:05:12,569
37.71416,-122.39748,2008/06/08 07:06:09,569
37.70116,-122.39355,2008/06/08 07:07:10,569
37.68799,-122.39059,2008/06/08 07:07:54,569
37.66334,-122.3999,2008/06/08 07:09:58,569
37.65086,-122.40694,2008/06/08 07:10:56,569
37.63764,-122.40482,2008/06/08 07:11:44,569
37.62443,-122.4017,2008/06/08 07:12:31,569
37.61376,-122.39648,2008/06/08 07:13:31,569
37.61481,-122.38653,2008/06/08 07:14:32,569
37.77245,-122.42879,2008/06/08 07:05:58,573
37.77066,-122.4267,2008/06/08 07:06:56,573
37.77025,-122.42463,2008/06/08 07:07:56,573
37.76646,-122.42428,2008/06/08 07:08:57,573
37.76462,-122.42412,2008/06/08 07:09:57,573
37.76011,-122.42367,2008/06/08 07:11:01,573
37.758,-122.42353,2008/06/08 07:12:01,573
37.75183,-122.42294,2008/06/08 07:12:59,573
37.74819,-122.42256,2008/06/08 07:14:02,573
37.74451,-122.42253,2008/06/08 07:14:44,573
37.76415,-122.46605,2008/06/08 07:03:47,581
37.76754,-122.45744,2008/06/08 07:05:55,581
37.77188,-122.44752,2008/06/08 07:07:54,581
37.77684,-122.44666,2008/06/08 07:08:59,581
37.78407,-122.44733,2008/06/08 07:09:54,581
37.78616,-122.4403,2008/06/08 07:10:52,581
37.78726,-122.43194,2008/06/08 07:12:00,581
37.78835,-122.42545,2008/06/08 07:12:52,581
37.7906,-122.42042,2008/06/08 07:13:51,581
37.79063,-122.42004,2008/06/08 07:14:22,581
37.79499,-122.42137,2008/06/08 07:03:16,589
37.79567,-122.4176,2008/06/08 07:04:03,589
37.79493,-122.41498,2008/06/08 07:05:03,589
37.79226,-122.4144,2008/06/08 07:06:04,589
37.79192,-122.41442,2008/06/08 07:07:08,589
37.78976,-122.41384,2008/06/08 07:08:06,589
37.78657,-122.41313,2008/06/08 07:09:10,589
37.78354,-122.41253,2008/06/08 07:10:07,589
37.77992,-122.40741,2008/06/08 07:12:07,589
37.77872,-122.40594,2008/06/08 07:13:11,589
37.7798,-122.40396,2008/06/08 07:14:07,589
37.77669,-122.39546,2008/06/08 07:02:07,598
37.7782,-122.3939,2008/06/08 07:03:07,598
37.78076,-122.39054,2008/06/08 07:04:05,598
37.78107,-122.39085,2008/06/08 07:05:01,598
37.78362,-122.39627,2008/06/08 07:07:01,598
37.78096,-122.39955,2008/06/08 07:08:02,598
37.77796,-122.40337,2008/06/08 07:09:08,598
37.78022,-122.40769,2008/06/08 07:10:21,598
37.78217,-122.40996,2008/06/08 07:11:17,598
37.78596,-122.41156,2008/06/08 07:12:02,598
37.78808,-122.41197,2008/06/08 07:13:02,598
37.78844,-122.41331,2008/06/08 07:14:06,598
37.77393,-122.43752,2008/06/08 07:01:56,599
37.77755,-122.43826,2008/06/08 07:02:28,599
37.77926,-122.43409,2008/06/08 07:03:38,599
37.77975,-122.43073,2008/06/08 07:04:15,599
37.78085,-122.42226,2008/06/08 07:05:57,599
37.78358,-122.4225,2008/06/08 07:06:55,599
37.78913,-122.42365,2008/06/08 07:08:01,599
37.79368,-122.42443,2008/06/08 07:09:00,599
37.79575,-122.42183,2008/06/08 07:09:36,599
37.79623,-122.41924,2008/06/08 07:10:36,599
37.79739,-122.4104,2008/06/08 07:11:37,599
37.79848,-122.40943,2008/06/08 07:12:37,599
37.79874,-122.4083,2008/06/08 07:13:45,599
37.79816,-122.40702,2008/06/08 07:14:44,599
37.77961,-122.4105,2008/06/08 07:00:41,604
37.77758,-122.41302,2008/06/08 07:01:20,604
37.77327,-122.41865,2008/06/08 07:02:20,604
37.77022,-122.4203,2008/06/08 07:03:21,604
37.76985,-122.42218,2008/06/08 07:04:22,604
37.76548,-122.4243,2008/06/08 07:05:21,604
37.76318,-122.42404,2008/06/08 07:06:48,604
37.75921,-122.42358,2008/06/08 07:07:21,604
37.75685,-122.42338,2008/06/08 07:08:22,604
37.75438,-122.42315,2008/06/08 07:09:26,604
37.74884,-122.42267,2008/06/08 07:10:32,604
37.7481,-122.42486,2008/06/08 07:11:24,604
37.74531,-122.42688,2008/06/08 07:12:25,604
37.74206,-122.42633,2008/06/08 07:13:22,604
37.74417,-122.42671,2008/06/08 07:14:44,604
37.79938,-122.40887,2008/06/08 07:02:54,610
37.80016,-122.41194,2008/06/08 07:04:20,610
37.79981,-122.41641,2008/06/08 07:04:45,610
37.79878,-122.42164,2008/06/08 07:05:44,610
37.79878,-122.42164,2008/06/08 07:06:06,610
37.79841,-122.42541,2008/06/08 07:06:44,610
37.79831,-122.42664,2008/06/08 07:07:44,610
37.79544,-122.42691,2008/06/08 07:08:44,610
37.79214,-122.4262,2008/06/08 07:09:45,610
37.78954,-122.42549,2008/06/08 07:10:57,610
37.784,-122.42444,2008/06/08 07:12:01,610
37.77816,-122.4233,2008/06/08 07:13:09,610
37.7769,-122.42318,2008/06/08 07:13:58,610
37.7734,-122.4222,2008/06/08 07:14:48,610
37.80476,-122.40253,2008/06/08 07:01:49,614
37.80647,-122.40709,2008/06/08 07:02:33,614
37.80563,-122.41311,2008/06/08 07:03:27,614
37.80353,-122.41669,2008/06/08 07:04:37,614
37.79985,-122.41618,2008/06/08 07:05:38,614
37.79542,-122.41517,2008/06/08 07:06:35,614
37.79282,-122.41476,2008/06/08 07:07:26,614
37.79149,-122.41502,2008/06/08 07:08:25,614
37.78904,-122.41377,2008/06/08 07:09:25,614
37.78543,-122.41325,2008/06/08 07:10:25,614
37.78445,-122.41547,2008/06/08 07:10:54,614
37.78444,-122.41737,2008/06/08 07:11:52,614
37.78477,-122.41764,2008/06/08 07:12:43,614
37.76497,-122.41916,2008/06/08 07:01:03,623
37.76637,-122.42205,2008/06/08 07:01:58,623
37.7665,-122.42219,2008/06/08 07:02:54,623
37.76572,-122.42188,2008/06/08 07:03:54,623
37.76565,-122.42198,2008/06/08 07:05:04,623
37.76564,-122.42214,2008/06/08 07:07:02,623
37.76555,-122.42187,2008/06/08 07:08:55,623
37.76561,-122.42192,2008/06/08 07:09:56,623
37.76562,-122.42192,2008/06/08 07:10:36,623
37.76562,-122.42189,2008/06/08 07:11:49,623
37.79999,-122.41018,2008/06/08 07:02:16,627
37.79781,-122.41052,2008/06/08 07:03:23,627
37.79742,-122.41134,2008/06/08 07:04:27,627
37.79588,-122.42312,2008/06/08 07:05:23,627
37.7958,-122.42327,2008/06/08 07:06:12,627
37.79558,-122.4252,2008/06/08 07:07:12,627
37.79509,-122.42674,2008/06/08 07:08:18,627
37.79228,-122.42601,2008/06/08 07:09:12,627
37.78667,-122.42513,2008/06/08 07:10:13,627
37.7793,-122.42351,2008/06/08 07:11:13,627
37.77742,-122.4259,2008/06/08 07:12:30,627
37.77637,-122.42983,2008/06/08 07:13:21,627
37.77525,-122.4295,2008/06/08 07:14:15,627
37.77525,-122.4295,2008/06/08 07:14:18,627
37.7752,-122.42953,2008/06/08 07:14:49,627
37.79117,-122.41608,2008/06/08 07:00:31,633
37.78987,-122.41711,2008/06/08 07:01:43,633
37.78607,-122.41638,2008/06/08 07:02:33,633
37.78423,-122.41763,2008/06/08 07:03:31,633
37.78507,-122.42022,2008/06/08 07:04:36,633
37.78433,-122.42052,2008/06/08 07:05:31,633
37.78412,-122.42082,2008/06/08 07:06:32,633
37.78503,-122.41917,2008/06/08 07:07:41,633
37.78567,-122.41455,2008/06/08 07:08:32,633
37.78605,-122.41039,2008/06/08 07:09:32,633
37.78621,-122.4089,2008/06/08 07:10:44,633
37.78659,-122.40681,2008/06/08 07:11:44,633
37.7864,-122.40639,2008/06/08 07:12:44,633
37.78589,-122.40576,2008/06/08 07:13:48,633
37.78567,-122.40556,2008/06/08 07:14:45,633
37.4525,-122.12725,2008/06/08 07:00:12,635
37.46868,-122.15477,2008/06/08 07:01:46,635
37.47663,-122.1684,2008/06/08 07:02:33,635
37.48404,-122.18255,2008/06/08 07:03:20,635
37.48674,-122.19877,2008/06/08 07:04:11,635
37.48975,-122.21512,2008/06/08 07:04:48,635
37.49551,-122.23012,2008/06/08 07:05:36,635
37.51114,-122.25291,2008/06/08 07:06:50,635
37.5214,-122.26455,2008/06/08 07:07:41,635
37.53147,-122.27576,2008/06/08 07:08:27,635
37.54984,-122.29273,2008/06/08 07:09:45,635
37.56086,-122.30324,2008/06/08 07:10:33,635
37.58116,-122.32519,2008/06/08 07:12:08,635
37.58692,-122.33984,2008/06/08 07:12:56,635
37.5878,-122.3563,2008/06/08 07:13:43,635
37.59555,-122.36952,2008/06/08 07:14:37,635
